route_name,route_link,busname,bustype,departing_time,duration,reaching_time,star_rating
Tezpur to Guwahati,https://www.redbus.in/bus-tickets/tezpur-to-guwahati,Assam State Transport Corporation (ASTC) - 147480,Bharat Benz A/C Seater (2+2),05:00,04h 00m,09:00,"3.7
344"
Tezpur to Guwahati,https://www.redbus.in/bus-tickets/tezpur-to-guwahati,Assam State Transport Corporation (ASTC) - 135927,Volvo AC Seater 2+2,07:10,04h 30m,11:40,"4.2
319"
Tezpur to Guwahati,https://www.redbus.in/bus-tickets/tezpur-to-guwahati,Assam State Transport Corporation (ASTC) - 177321,Bharat Benz A/C Seater (2+2),09:35,04h 40m,14:15,4.0
Tezpur to Guwahati,https://www.redbus.in/bus-tickets/tezpur-to-guwahati,Assam State Transport Corporation (ASTC) - 170878,Bharat Benz A/C Seater (2+2),10:35,04h 40m,15:15,"4.4
98"
Tezpur to Guwahati,https://www.redbus.in/bus-tickets/tezpur-to-guwahati,Assam State Transport Corporation (ASTC) - 156590,Bharat Benz A/C Seater (2+2),14:00,04h 30m,18:30,"4.4
38"
Tezpur to Guwahati,https://www.redbus.in/bus-tickets/tezpur-to-guwahati,Assam State Transport Corporation (ASTC) - 176210,Tata A/C Seater (2+2),16:15,04h 15m,20:30,4.0
Tezpur to Guwahati,https://www.redbus.in/bus-tickets/tezpur-to-guwahati,NEELKANTH TRAVELS,A/C Seater Push Back (2+2),05:15,03h 15m,08:30,"4.3
191"
Tezpur to Guwahati,https://www.redbus.in/bus-tickets/tezpur-to-guwahati,Kanchan Travels,AC Seater (2+2),05:20,03h 10m,08:30,"3.9
54"
Tezpur to Guwahati,https://www.redbus.in/bus-tickets/tezpur-to-guwahati,Mahi Travels(Under ASTC),A/C Seater (2+2),05:40,03h 15m,08:55,"4.6
350"
Tezpur to Guwahati,https://www.redbus.in/bus-tickets/tezpur-to-guwahati,AdKalpana Travels,AC Seater (2+2),08:50,03h 55m,12:45,"4.3
96"
Tezpur to Guwahati,https://www.redbus.in/bus-tickets/tezpur-to-guwahati,WARISPIYA TRAVELS,AC Seater (2+2),05:45,03h 15m,09:00,"4.3
331"
Tezpur to Guwahati,https://www.redbus.in/bus-tickets/tezpur-to-guwahati,Orient Transline,A/C Seater (2+1),05:55,03h 05m,09:00,"4.4
90"
Tezpur to Guwahati,https://www.redbus.in/bus-tickets/tezpur-to-guwahati,Puja (Kaybom),A/C Seater Push Back (2+2),06:10,03h 50m,10:00,"3.3
15"
Tezpur to Guwahati,https://www.redbus.in/bus-tickets/tezpur-to-guwahati,WARISPIYA TRAVELS,Bharat Benz A/C Seater (2+2),06:30,03h 55m,10:25,"4.4
358"
Tezpur to Guwahati,https://www.redbus.in/bus-tickets/tezpur-to-guwahati,Orient Transline,A/C Seater (2+1),06:45,03h 25m,10:10,"4.9
40"
Tezpur to Guwahati,https://www.redbus.in/bus-tickets/tezpur-to-guwahati,Orient Transline,A/C Seater (2+1),07:20,03h 40m,11:00,"4.4
103"
Tezpur to Guwahati,https://www.redbus.in/bus-tickets/tezpur-to-guwahati,WARISPIYA TRAVELS,AC Seater (2+2),07:45,04h 15m,12:00,"4.2
341"
Tezpur to Guwahati,https://www.redbus.in/bus-tickets/tezpur-to-guwahati,Mahi Travels(Under ASTC),A/C Seater (2+2),08:00,03h 40m,11:40,"4.5
124"
Tezpur to Guwahati,https://www.redbus.in/bus-tickets/tezpur-to-guwahati,Brindaban Travels,Non AC Seater (2+2),09:15,04h 00m,13:15,"3.1
13"
Tezpur to Guwahati,https://www.redbus.in/bus-tickets/tezpur-to-guwahati,Mahi Travels(Under ASTC),Bharat Benz A/C Seater (2+2),06:15,03h 35m,09:50,"3.4
88"
Tezpur to Guwahati,https://www.redbus.in/bus-tickets/tezpur-to-guwahati,Mahalaxmi Travels,A/C Seater (2+2),09:45,03h 45m,13:30,"3.4
19"
Tezpur to Guwahati,https://www.redbus.in/bus-tickets/tezpur-to-guwahati,Aziba Travels,NON A/C Seater (2+1),09:45,04h 25m,14:10,"3.4
4"
Tezpur to Guwahati,https://www.redbus.in/bus-tickets/tezpur-to-guwahati,Pranjit Travels (Under ASTC),NON A/C Seater (2+1),10:10,04h 50m,15:00,"3.2
13"
Tezpur to Guwahati,https://www.redbus.in/bus-tickets/tezpur-to-guwahati,Pranjit Travels (Under ASTC),NON A/C Seater (2+1),10:30,05h 15m,15:45,"4.4
7"
Tezpur to Guwahati,https://www.redbus.in/bus-tickets/tezpur-to-guwahati,BLUE HILL TRAVELS INDIA LIMITED,NON A/C Seater Semi Sleeper (2+1),21:45,05h 30m,03:15,"3.6
25"
Tezpur to Guwahati,https://www.redbus.in/bus-tickets/tezpur-to-guwahati,Pranjit Travels (Under ASTC),NON A/C Seater (2+1),11:30,05h 15m,16:45,"4.1
24"
Tezpur to Guwahati,https://www.redbus.in/bus-tickets/tezpur-to-guwahati,Chartered Bus - ASTC,A/C Seater Push Back (2+2),11:30,04h 45m,16:15,"4.4
131"
Tezpur to Guwahati,https://www.redbus.in/bus-tickets/tezpur-to-guwahati,Chartered Bus - ASTC,Volvo AC Seater Pushback 2+2,13:00,04h 00m,17:00,"4.5
469"
Tezpur to Guwahati,https://www.redbus.in/bus-tickets/tezpur-to-guwahati,Chartered Bus - ASTC,Volvo Multi-Axle I-Shift B11R Semi Sleeper (2+2),15:30,03h 45m,19:15,"4.4
438"
Tezpur to Guwahati,https://www.redbus.in/bus-tickets/tezpur-to-guwahati,Laxmi Travels,A/C Seater (2+1),13:15,05h 00m,18:15,4.4
Tezpur to Guwahati,https://www.redbus.in/bus-tickets/tezpur-to-guwahati,BLUE HILL TRAVELS INDIA LIMITED,NON A/C Seater Semi Sleeper (2+1),21:15,05h 45m,03:00,"3.4
90"
Tezpur to Guwahati,https://www.redbus.in/bus-tickets/tezpur-to-guwahati,Pranjit Travels (Under ASTC),NON A/C Seater (2+1),01:15,05h 15m,06:30,"2.9
12"
Tezpur to Guwahati,https://www.redbus.in/bus-tickets/tezpur-to-guwahati,Upasana Travels (Under ASTC),A/C Seater (2+2),06:35,04h 05m,10:40,"2.9
16"
Tezpur to Guwahati,https://www.redbus.in/bus-tickets/tezpur-to-guwahati,Himalayan Travels,NON AC Seater / Sleeper 2+1,23:40,04h 20m,04:00,"1.7
21"
Tezpur to Guwahati,https://www.redbus.in/bus-tickets/tezpur-to-guwahati,Pranjit Travels (Under ASTC),Bharat Benz A/C Seater (2+1),01:15,05h 00m,06:15,"2.9
7"
Tezpur to Guwahati,https://www.redbus.in/bus-tickets/tezpur-to-guwahati,Shopuris Travels,Non AC Seater (2+1),21:15,05h 45m,03:00,New
Tezpur to Guwahati,https://www.redbus.in/bus-tickets/tezpur-to-guwahati,Shopuris Travels,Non AC Seater (2+1),23:15,05h 05m,04:20,New
Guwahati to Tezpur,https://www.redbus.in/bus-tickets/guwahati-to-tezpur,Assam State Transport Corporation (ASTC) - 176208,Tata A/C Seater (2+2),06:10,04h 20m,10:30,"3.1
4"
Guwahati to Tezpur,https://www.redbus.in/bus-tickets/guwahati-to-tezpur,Assam State Transport Corporation (ASTC) - 143955,Bharat Benz A/C Seater (2+2),07:00,04h 00m,11:00,"3.8
225"
Guwahati to Tezpur,https://www.redbus.in/bus-tickets/guwahati-to-tezpur,Assam State Transport Corporation (ASTC) - 173419,Bharat Benz A/C Seater (2+2),07:15,03h 35m,10:50,"3.8
93"
Guwahati to Tezpur,https://www.redbus.in/bus-tickets/guwahati-to-tezpur,Assam State Transport Corporation (ASTC) - 154910,Bharat Benz A/C Seater (2+2),10:30,04h 30m,15:00,"3.7
329"
Guwahati to Tezpur,https://www.redbus.in/bus-tickets/guwahati-to-tezpur,Assam State Transport Corporation (ASTC) - 139720,Volvo AC Seater 2+2,13:45,04h 15m,18:00,"3.3
94"
Guwahati to Tezpur,https://www.redbus.in/bus-tickets/guwahati-to-tezpur,Aziba Travels,NON A/C Seater (2+1),05:45,04h 55m,10:40,"4.4
14"
Guwahati to Tezpur,https://www.redbus.in/bus-tickets/guwahati-to-tezpur,Chartered Bus - ASTC,Volvo AC Seater Pushback 2+2,06:15,04h 30m,10:45,"4.5
385"
Guwahati to Tezpur,https://www.redbus.in/bus-tickets/guwahati-to-tezpur,Chartered Bus - ASTC,A/C Seater Push Back (2+2),07:00,04h 00m,11:00,"4.5
115"
Guwahati to Tezpur,https://www.redbus.in/bus-tickets/guwahati-to-tezpur,Yatra Travels,NON A/C Seater (2+1),07:00,05h 00m,12:00,"3.9
5"
Guwahati to Tezpur,https://www.redbus.in/bus-tickets/guwahati-to-tezpur,Chartered Bus - ASTC,Volvo Multi-Axle I-Shift B11R Semi Sleeper (2+2),07:30,04h 00m,11:30,"4.6
394"
Guwahati to Tezpur,https://www.redbus.in/bus-tickets/guwahati-to-tezpur,Pranjit Travels (Under ASTC),NON A/C Seater (2+1),08:30,05h 00m,13:30,"3.9
6"
Guwahati to Tezpur,https://www.redbus.in/bus-tickets/guwahati-to-tezpur,Mahi Travels(Under ASTC),A/C Seater (2+2),10:00,05h 00m,15:00,"4.1
290"
Guwahati to Tezpur,https://www.redbus.in/bus-tickets/guwahati-to-tezpur,Mahi Travels(Under ASTC),Bharat Benz A/C Seater (2+2),10:30,04h 55m,15:25,"3.1
98"
Guwahati to Tezpur,https://www.redbus.in/bus-tickets/guwahati-to-tezpur,Kanchan Travels,AC Seater (2+2),10:45,05h 15m,16:00,"4.1
43"
Guwahati to Tezpur,https://www.redbus.in/bus-tickets/guwahati-to-tezpur,Yatra Travels,A/C Seater / Sleeper (2+1),20:00,05h 30m,01:30,3.3
Guwahati to Tezpur,https://www.redbus.in/bus-tickets/guwahati-to-tezpur,NEELKANTH TRAVELS,A/C Seater Push Back (2+2),09:05,05h 25m,14:30,"3.9
44"
Guwahati to Tezpur,https://www.redbus.in/bus-tickets/guwahati-to-tezpur,Yatra Travels,NON AC Seater/ Sleeper (2+1),20:30,04h 30m,01:00,"3.3
13"
Guwahati to Tezpur,https://www.redbus.in/bus-tickets/guwahati-to-tezpur,Orient Transline,A/C Seater (2+1),11:30,04h 20m,15:50,"4.3
318"
Guwahati to Tezpur,https://www.redbus.in/bus-tickets/guwahati-to-tezpur,Mahi Travels(Under ASTC),A/C Seater (2+2),14:15,03h 35m,17:50,"4.3
163"
Guwahati to Tezpur,https://www.redbus.in/bus-tickets/guwahati-to-tezpur,Orient Transline,A/C Seater (2+1),12:15,04h 45m,17:00,"4.5
35"
Guwahati to Tezpur,https://www.redbus.in/bus-tickets/guwahati-to-tezpur,Yatra Travels,NON AC Seater/ Sleeper (2+1),18:45,04h 15m,23:00,"3.3
47"
Guwahati to Tezpur,https://www.redbus.in/bus-tickets/guwahati-to-tezpur,Orient Transline,A/C Seater (2+1),13:00,04h 10m,17:10,"4.3
199"
Guwahati to Tezpur,https://www.redbus.in/bus-tickets/guwahati-to-tezpur,Mahalaxmi Travels,A/C Seater (2+2),14:35,03h 40m,18:15,"3.5
25"
Guwahati to Tezpur,https://www.redbus.in/bus-tickets/guwahati-to-tezpur,WARISPIYA TRAVELS,AC Seater (2+2),15:00,03h 40m,18:40,"4.4
385"
Guwahati to Tezpur,https://www.redbus.in/bus-tickets/guwahati-to-tezpur,Yatra Travels,NON A/C Seater (2+1),18:00,05h 30m,23:30,"3.2
29"
Guwahati to Tezpur,https://www.redbus.in/bus-tickets/guwahati-to-tezpur,WARISPIYA TRAVELS,AC Seater (2+2),15:35,03h 40m,19:15,"4.0
303"
Guwahati to Tezpur,https://www.redbus.in/bus-tickets/guwahati-to-tezpur,WARISPIYA TRAVELS,Bharat Benz A/C Seater (2+2),16:15,03h 25m,19:40,"4.2
433"
Guwahati to Tezpur,https://www.redbus.in/bus-tickets/guwahati-to-tezpur,Kalpana Travels,AC Seater (2+2),16:50,03h 25m,20:15,"4.5
93"
Guwahati to Tezpur,https://www.redbus.in/bus-tickets/guwahati-to-tezpur,Yatra Travels,NON A/C Seater/ Sleeper (2+1),19:30,05h 00m,00:30,3.3
Guwahati to Tezpur,https://www.redbus.in/bus-tickets/guwahati-to-tezpur,Pranjit Travels (Under ASTC),A/C Seater / Sleeper (2+1),20:45,05h 45m,02:30,3.0
Guwahati to Tezpur,https://www.redbus.in/bus-tickets/guwahati-to-tezpur,Pranjit Travels (Under ASTC),NON A/C Seater (2+1),21:15,04h 30m,01:45,3.0
Guwahati to Tezpur,https://www.redbus.in/bus-tickets/guwahati-to-tezpur,Pranjit Travels (Under ASTC),NON A/C Seater (2+1),21:45,04h 15m,02:00,"3.0
8"
Guwahati to Tezpur,https://www.redbus.in/bus-tickets/guwahati-to-tezpur,PANKAJ TRAVELS,AC Seater (2+2),05:15,04h 45m,10:00,"1.7
6"
Guwahati to Tezpur,https://www.redbus.in/bus-tickets/guwahati-to-tezpur,DESTINY TRAVELS,NON AC Seater / Sleeper 2+1,17:30,05h 30m,23:00,2.3
Guwahati to Tezpur,https://www.redbus.in/bus-tickets/guwahati-to-tezpur,Pranjit Travels (Under ASTC),Non AC Seater (2+1),07:45,05h 25m,13:10,"2.6
10"
Guwahati to Tezpur,https://www.redbus.in/bus-tickets/guwahati-to-tezpur,BLUE HILL TRAVELS INDIA LIMITED,NON A/C Seater Semi Sleeper (2+1),09:30,03h 30m,13:00,"1.7
10"
Guwahati to Tezpur,https://www.redbus.in/bus-tickets/guwahati-to-tezpur,NETWORK TRAVELS,NON A/C Seater Push Back (2+2),10:30,05h 45m,16:15,"1.7
5"
Guwahati to Tezpur,https://www.redbus.in/bus-tickets/guwahati-to-tezpur,Upasana Travels (Under ASTC),A/C Seater (2+2),11:30,04h 30m,16:00,"2.4
13"
Guwahati to Tezpur,https://www.redbus.in/bus-tickets/guwahati-to-tezpur,Yatra Travels,A/C Seater / Sleeper (2+1),21:00,05h 00m,02:00,3.3
Guwahati to Tezpur,https://www.redbus.in/bus-tickets/guwahati-to-tezpur,Brindaban Travels,Non AC Seater (2+2),17:15,04h 00m,21:15,"1.6
18"
Guwahati to Tezpur,https://www.redbus.in/bus-tickets/guwahati-to-tezpur,Puja (Kaybom),A/C Seater Push Back (2+2),17:30,03h 30m,21:00,"2.8
14"
Guwahati to Tezpur,https://www.redbus.in/bus-tickets/guwahati-to-tezpur,DESTINY TRAVELS,NON A/C Seater (2+1),18:45,05h 00m,23:45,2.3
Guwahati to Tezpur,https://www.redbus.in/bus-tickets/guwahati-to-tezpur,BLUE HILL TRAVELS INDIA LIMITED,NON A/C Seater Semi Sleeper (2+1),20:00,05h 15m,01:15,"2.8
8"
Guwahati to Tezpur,https://www.redbus.in/bus-tickets/guwahati-to-tezpur,Himalayan Travels,NON AC Seater / Sleeper 2+1,20:30,06h 00m,02:30,1.7
Guwahati to Tezpur,https://www.redbus.in/bus-tickets/guwahati-to-tezpur,Zainab Travels (Under ASTC),A/C Seater (2+1),20:30,05h 00m,01:30,3.6
Guwahati to Tezpur,https://www.redbus.in/bus-tickets/guwahati-to-tezpur,KIRAN TRAVELS,A/C Seater (2+1),20:40,03h 50m,00:30,"2.1
7"
Guwahati to Tezpur,https://www.redbus.in/bus-tickets/guwahati-to-tezpur,Pranjit Travels (Under ASTC),Bharat Benz A/C Seater (2+1),21:30,05h 00m,02:30,"2.5
4"
Guwahati to Nagaon (Assam),https://www.redbus.in/bus-tickets/guwahati-to-nagaon,Assam State Transport Corporation (ASTC) - 176208,Tata A/C Seater (2+2),06:10,02h 50m,09:00,4.0
Guwahati to Nagaon (Assam),https://www.redbus.in/bus-tickets/guwahati-to-nagaon,Assam State Transport Corporation (ASTC) - 143955,Bharat Benz A/C Seater (2+2),07:00,02h 30m,09:30,"3.9
15"
Guwahati to Nagaon (Assam),https://www.redbus.in/bus-tickets/guwahati-to-nagaon,Assam State Transport Corporation (ASTC) - 154910,Bharat Benz A/C Seater (2+2),10:30,02h 30m,13:00,"4.0
156"
Guwahati to Nagaon (Assam),https://www.redbus.in/bus-tickets/guwahati-to-nagaon,Assam State Transport Corporation (ASTC) - 146146,Bharat Benz A/C Seater (2+2),13:00,03h 00m,16:00,"4.2
287"
Guwahati to Nagaon (Assam),https://www.redbus.in/bus-tickets/guwahati-to-nagaon,Kareng Travels,Non AC Seater (2+1),05:00,02h 30m,07:30,"4.5
27"
Guwahati to Nagaon (Assam),https://www.redbus.in/bus-tickets/guwahati-to-nagaon,Chartered Bus - ASTC,Volvo AC Seater Pushback 2+2,06:15,03h 00m,09:15,"4.5
79"
Guwahati to Nagaon (Assam),https://www.redbus.in/bus-tickets/guwahati-to-nagaon,NETWORK TRAVELS,NON A/C Seater (2+2),06:30,03h 30m,10:00,3.8
Guwahati to Nagaon (Assam),https://www.redbus.in/bus-tickets/guwahati-to-nagaon,Chartered Bus - ASTC,Volvo Multi-Axle I-Shift B11R Semi Sleeper (2+2),07:30,02h 00m,09:30,"4.5
166"
Guwahati to Nagaon (Assam),https://www.redbus.in/bus-tickets/guwahati-to-nagaon,JOY HANUMAN,Non AC Seater (2+2),07:40,02h 50m,10:30,"4.1
10"
Guwahati to Nagaon (Assam),https://www.redbus.in/bus-tickets/guwahati-to-nagaon,Baikuntha Transport Service,Bharat Benz A/C Seater (2+1),08:00,03h 30m,11:30,3.2
Guwahati to Nagaon (Assam),https://www.redbus.in/bus-tickets/guwahati-to-nagaon,NEELKANTH TRAVELS,A/C Seater Push Back (2+2),09:05,02h 55m,12:00,"4.5
10"
Guwahati to Nagaon (Assam),https://www.redbus.in/bus-tickets/guwahati-to-nagaon,Mahi Travels(Under ASTC),A/C Seater (2+2),10:00,03h 30m,13:30,"3.3
18"
Guwahati to Nagaon (Assam),https://www.redbus.in/bus-tickets/guwahati-to-nagaon,Kareng Travels,A/C Seater (2+1),09:30,03h 30m,13:00,"4.0
12"
Guwahati to Nagaon (Assam),https://www.redbus.in/bus-tickets/guwahati-to-nagaon,Mahi Travels(Under ASTC),Bharat Benz A/C Seater (2+2),10:30,03h 20m,13:50,"3.5
14"
Guwahati to Nagaon (Assam),https://www.redbus.in/bus-tickets/guwahati-to-nagaon,Orient Transline,A/C Seater (2+1),11:30,02h 55m,14:25,"4.6
21"
Guwahati to Nagaon (Assam),https://www.redbus.in/bus-tickets/guwahati-to-nagaon,Kareng Travels,Non AC Seater (2+2),11:45,03h 00m,14:45,"4.3
7"
Guwahati to Nagaon (Assam),https://www.redbus.in/bus-tickets/guwahati-to-nagaon,Mahi Travels(Under ASTC),A/C Seater (2+2),14:15,02h 00m,16:15,"3.7
40"
Guwahati to Nagaon (Assam),https://www.redbus.in/bus-tickets/guwahati-to-nagaon,Orient Transline,A/C Seater (2+1),12:15,02h 45m,15:00,"4.1
5"
Guwahati to Nagaon (Assam),https://www.redbus.in/bus-tickets/guwahati-to-nagaon,Anindita Travels,NON A/C Seater (2+1),12:30,03h 15m,15:45,4.1
Guwahati to Nagaon (Assam),https://www.redbus.in/bus-tickets/guwahati-to-nagaon,Orient Transline,A/C Seater (2+1),13:00,02h 45m,15:45,"3.8
31"
Guwahati to Nagaon (Assam),https://www.redbus.in/bus-tickets/guwahati-to-nagaon,Mahalaxmi Travels,A/C Seater (2+2),14:35,02h 00m,16:35,"4.6
11"
Guwahati to Nagaon (Assam),https://www.redbus.in/bus-tickets/guwahati-to-nagaon,DESTINY TRAVELS,NON A/C Seater (2+1),17:30,03h 00m,20:30,2.3
Guwahati to Nagaon (Assam),https://www.redbus.in/bus-tickets/guwahati-to-nagaon,DESTINY TRAVELS,NON A/C Seater (2+1),18:45,03h 15m,22:00,2.3
Guwahati to Nagaon (Assam),https://www.redbus.in/bus-tickets/guwahati-to-nagaon,Nishigandha(Divya Tours & Travels),A/C Seater (2+1),21:15,02h 35m,23:50,New
Jorhat to Tinsukia,https://www.redbus.in/bus-tickets/jorhat-to-tinsukia,Assam State Transport Corporation (ASTC) - 166131,Bharat Benz A/C Seater (2+2),07:20,06h 10m,13:30,"4.1
108"
Jorhat to Tinsukia,https://www.redbus.in/bus-tickets/jorhat-to-tinsukia,Assam State Transport Corporation (ASTC) - 154034,A/C Seater (2+1),09:15,05h 45m,15:00,"4.1
7"
Jorhat to Tinsukia,https://www.redbus.in/bus-tickets/jorhat-to-tinsukia,NETWORK TRAVELS,Non A/C Seater / Sleeper (2+1),00:30,05h 00m,05:30,"3.9
10"
Jorhat to Tinsukia,https://www.redbus.in/bus-tickets/jorhat-to-tinsukia,Purple Wings Coaches,A/C Seater / Sleeper (2+1),01:15,04h 30m,05:45,"3.0
8"
Jorhat to Tinsukia,https://www.redbus.in/bus-tickets/jorhat-to-tinsukia,Purple Wings Coaches,A/C Seater / Sleeper (2+1),01:45,04h 00m,05:45,3.0
Jorhat to Tinsukia,https://www.redbus.in/bus-tickets/jorhat-to-tinsukia,NETWORK TRAVELS,NON A/C Seater Push Back (2+1),04:01,05h 29m,09:30,"4.8
11"
Jorhat to Tinsukia,https://www.redbus.in/bus-tickets/jorhat-to-tinsukia,Christina Travels,NON A/C Seater (2+2),08:15,02h 00m,10:15,4.0
Jorhat to Tinsukia,https://www.redbus.in/bus-tickets/jorhat-to-tinsukia,Aniruddha Travels,AC Seater (2+2),11:45,05h 45m,17:30,"3.7
31"
Jorhat to Tinsukia,https://www.redbus.in/bus-tickets/jorhat-to-tinsukia,Aroti Travels (Under ASTC),Non AC Seater (2+2),12:20,05h 30m,17:50,"3.6
24"
Jorhat to Tinsukia,https://www.redbus.in/bus-tickets/jorhat-to-tinsukia,Christina Travels,NON A/C Seater (2+2),12:30,05h 30m,18:00,"4.0
4"
Jorhat to Tinsukia,https://www.redbus.in/bus-tickets/jorhat-to-tinsukia,Chartered Bus - ASTC,Volvo AC Seater Pushback 2+2,13:30,05h 00m,18:30,"4.5
59"
Jorhat to Tinsukia,https://www.redbus.in/bus-tickets/jorhat-to-tinsukia,Pooja Travels,NON A/C Seater (2+1),22:30,05h 30m,04:00,3.3
Jorhat to Tinsukia,https://www.redbus.in/bus-tickets/jorhat-to-tinsukia,Atlanta Travels,Volvo A/C Seater (2+2),12:45,05h 30m,18:15,New
Jorhat to Tinsukia,https://www.redbus.in/bus-tickets/jorhat-to-tinsukia,MADHURIKA TRAVELS,A/C Seater (2+1),12:45,05h 15m,18:00,"1.8
8"
Tinsukia to Jorhat,https://www.redbus.in/bus-tickets/tinsukia-to-jorhat,Assam State Transport Corporation (ASTC) - 154054,A/C Seater (2+1),08:25,05h 05m,13:30,"4.0
11"
Tinsukia to Jorhat,https://www.redbus.in/bus-tickets/tinsukia-to-jorhat,Assam State Transport Corporation (ASTC) - 166134,Bharat Benz A/C Seater (2+2),09:00,06h 30m,15:30,"3.4
38"
Tinsukia to Jorhat,https://www.redbus.in/bus-tickets/tinsukia-to-jorhat,Aroti Travels (Under ASTC),Non AC Seater (2+2),05:40,04h 20m,10:00,"3.8
24"
Tinsukia to Jorhat,https://www.redbus.in/bus-tickets/tinsukia-to-jorhat,Aniruddha Travels,AC Seater (2+2),06:00,05h 10m,11:10,"4.2
8"
Tinsukia to Jorhat,https://www.redbus.in/bus-tickets/tinsukia-to-jorhat,Chartered Bus - ASTC,A/C Seater Push Back (2+2),06:45,04h 15m,11:00,"4.5
51"
Tinsukia to Jorhat,https://www.redbus.in/bus-tickets/tinsukia-to-jorhat,Christina Travels,NON A/C Seater (2+2),08:20,05h 30m,13:50,3.1
Tinsukia to Jorhat,https://www.redbus.in/bus-tickets/tinsukia-to-jorhat,NETWORK TRAVELS,Non A/C Seater / Sleeper (2+1),17:00,06h 00m,23:00,"3.8
8"
Tinsukia to Jorhat,https://www.redbus.in/bus-tickets/tinsukia-to-jorhat,Pooja Travels,NON A/C Seater (2+1),17:30,05h 00m,22:30,3.3
Tinsukia to Jorhat,https://www.redbus.in/bus-tickets/tinsukia-to-jorhat,Purple Wings Coaches,A/C Seater / Sleeper (2+1),18:30,05h 45m,00:15,"3.0
14"
Tinsukia to Jorhat,https://www.redbus.in/bus-tickets/tinsukia-to-jorhat,NETWORK TRAVELS,NON A/C Seater Push Back (2+1),19:00,05h 30m,00:30,"4.8
23"
Tinsukia to Jorhat,https://www.redbus.in/bus-tickets/tinsukia-to-jorhat,Atlanta Travels,Volvo A/C Seater (2+2),06:40,04h 20m,11:00,New
North Lakhimpur to Dibrugarh,https://www.redbus.in/bus-tickets/north-lakhimpur-to-dibrugarh,Assam State Transport Corporation (ASTC) - 147552,Bharat Benz A/C Seater (2+2),07:30,03h 15m,10:45,"4.0
65"
North Lakhimpur to Dibrugarh,https://www.redbus.in/bus-tickets/north-lakhimpur-to-dibrugarh,Assam State Transport Corporation (ASTC) - 175508,NON A/C Seater Push Back (2+1),10:00,03h 15m,13:15,4.0
North Lakhimpur to Dibrugarh,https://www.redbus.in/bus-tickets/north-lakhimpur-to-dibrugarh,Maa Jagadamba,A/C Seater Push Back (2+2),09:20,04h 55m,14:15,3.4
North Lakhimpur to Dibrugarh,https://www.redbus.in/bus-tickets/north-lakhimpur-to-dibrugarh,Maa Jagadamba,A/C Seater Push Back (2+2),09:40,04h 45m,14:25,"3.4
12"
North Lakhimpur to Dibrugarh,https://www.redbus.in/bus-tickets/north-lakhimpur-to-dibrugarh,BARBIE TRAVELS,NON A/C Hi-Tech Push Back (2+2),06:00,04h 20m,10:20,2.8
North Lakhimpur to Dibrugarh,https://www.redbus.in/bus-tickets/north-lakhimpur-to-dibrugarh,BARBIE TRAVELS,NON A/C Hi-Tech Push Back (2+2),07:55,04h 35m,12:30,2.8
North Lakhimpur to Dibrugarh,https://www.redbus.in/bus-tickets/north-lakhimpur-to-dibrugarh,BARBIE TRAVELS,A/C Seater Push Back (2+2),10:20,03h 20m,13:40,"2.8
7"
North Lakhimpur to Dibrugarh,https://www.redbus.in/bus-tickets/north-lakhimpur-to-dibrugarh,Air Bus Travels,NON AC Seater / Sleeper 2+1,21:00,06h 00m,03:00,"3.7
7"
Guwahati to Gohpur,https://www.redbus.in/bus-tickets/guwahati-to-gohpur,Assam State Transport Corporation (ASTC) - 155999,Bharat Benz A/C Seater (2+2),07:15,05h 45m,13:00,"4.4
24"
Guwahati to Gohpur,https://www.redbus.in/bus-tickets/guwahati-to-gohpur,Assam State Transport Corporation (ASTC) - 177332,Bharat Benz A/C Seater (2+2),08:30,06h 30m,15:00,4.3
Guwahati to Gohpur,https://www.redbus.in/bus-tickets/guwahati-to-gohpur,Yatra Travels,NON AC Seater/ Sleeper (2+1),18:45,06h 45m,01:30,"4.7
54"
Guwahati to Gohpur,https://www.redbus.in/bus-tickets/guwahati-to-gohpur,Yatra Travels,NON A/C Seater (2+1),07:00,06h 40m,13:40,"4.3
172"
Guwahati to Gohpur,https://www.redbus.in/bus-tickets/guwahati-to-gohpur,Chartered Bus - ASTC,A/C Seater Push Back (2+2),07:00,06h 00m,13:00,"4.5
53"
Guwahati to Gohpur,https://www.redbus.in/bus-tickets/guwahati-to-gohpur,Pranjit Travels (Under ASTC),NON A/C Seater (2+1),21:45,07h 15m,05:00,"4.2
60"
Guwahati to Gohpur,https://www.redbus.in/bus-tickets/guwahati-to-gohpur,Pranjit Travels (Under ASTC),Bharat Benz A/C Seater (2+1),21:30,07h 45m,05:15,"4.3
54"
Guwahati to Gohpur,https://www.redbus.in/bus-tickets/guwahati-to-gohpur,Yatra Travels,NON AC Seater/ Sleeper (2+1),20:30,06h 45m,03:15,"4.5
36"
Guwahati to Gohpur,https://www.redbus.in/bus-tickets/guwahati-to-gohpur,KIRAN TRAVELS,A/C Seater (2+1),20:40,08h 20m,05:00,"4.2
41"
Guwahati to Gohpur,https://www.redbus.in/bus-tickets/guwahati-to-gohpur,MAHARATHI TRANSPORT,NON A/C Seater (2+1),20:55,06h 50m,03:45,"4.4
14"
Guwahati to Gohpur,https://www.redbus.in/bus-tickets/guwahati-to-gohpur,Laxmi Travels,Bharat Benz A/C Seater /Sleeper (2+1),20:15,07h 05m,03:20,"4.1
6"
Guwahati to Gohpur,https://www.redbus.in/bus-tickets/guwahati-to-gohpur,Pranjit Travels (Under ASTC),NON A/C Seater (2+1),07:45,08h 30m,16:15,"4.4
72"
Guwahati to Gohpur,https://www.redbus.in/bus-tickets/guwahati-to-gohpur,Yatra Travels,NON A/C Seater (2+1),18:00,08h 45m,02:45,"4.6
26"
Guwahati to Gohpur,https://www.redbus.in/bus-tickets/guwahati-to-gohpur,Shopuris Travels,Non AC Seater (2+1),17:30,07h 30m,01:00,New
Guwahati to Gohpur,https://www.redbus.in/bus-tickets/guwahati-to-gohpur,NORTH EAST TRAVELS(UNDER ASTC),NON A/C Seater (2+1),20:15,07h 45m,04:00,"3.2
36"
Guwahati to Gohpur,https://www.redbus.in/bus-tickets/guwahati-to-gohpur,Yatra Travels,NON A/C Seater/ Sleeper (2+1),19:30,06h 50m,02:20,"4.6
5"
Guwahati to Gohpur,https://www.redbus.in/bus-tickets/guwahati-to-gohpur,Pranjit Travels (Under ASTC),A/C Seater / Sleeper (2+1),20:45,08h 00m,04:45,"4.1
23"
Guwahati to Gohpur,https://www.redbus.in/bus-tickets/guwahati-to-gohpur,Deep Travels,NON AC Seater / Sleeper 2+1,21:00,07h 15m,04:15,"3.9
22"
Guwahati to Gohpur,https://www.redbus.in/bus-tickets/guwahati-to-gohpur,Pranjit Travels (Under ASTC),Non AC Seater (2+1),08:30,07h 30m,16:00,"4.2
14"
Guwahati to Gohpur,https://www.redbus.in/bus-tickets/guwahati-to-gohpur,Aziba Travels,NON A/C Seater (2+1),05:45,07h 15m,13:00,"4.5
22"
Guwahati to Gohpur,https://www.redbus.in/bus-tickets/guwahati-to-gohpur,Pranjit Travels (Under ASTC),Non AC Seater (2+1),21:15,07h 30m,04:45,"3.9
12"
Guwahati to Gohpur,https://www.redbus.in/bus-tickets/guwahati-to-gohpur,Yatra Travels,A/C Seater / Sleeper (2+1),20:00,08h 30m,04:30,"4.3
4"
Guwahati to Gohpur,https://www.redbus.in/bus-tickets/guwahati-to-gohpur,PARIJAT TRAVELS(UNDER ASTC),NON A/C Seater (2+1),19:35,08h 25m,04:00,"3.6
13"
Guwahati to Gohpur,https://www.redbus.in/bus-tickets/guwahati-to-gohpur,DESTINY TRAVELS,NON A/C Seater (2+1),18:45,06h 45m,01:30,2.3
Guwahati to Gohpur,https://www.redbus.in/bus-tickets/guwahati-to-gohpur,BLUE HILL TRAVELS INDIA LIMITED,NON A/C Seater Semi Sleeper (2+1),20:00,07h 50m,03:50,"3.1
15"
Guwahati to Gohpur,https://www.redbus.in/bus-tickets/guwahati-to-gohpur,DESTINY TRAVELS,NON AC Seater / Sleeper 2+1,17:30,07h 30m,01:00,2.3
Guwahati to Gohpur,https://www.redbus.in/bus-tickets/guwahati-to-gohpur,Drishti Travels,NON A/C Seater (2+1),17:30,09h 30m,03:00,"3.3
9"
Guwahati to Gohpur,https://www.redbus.in/bus-tickets/guwahati-to-gohpur,GURUNANAK TRAVELS,NON A/C Seater (2+1),19:00,08h 00m,03:00,"2.8
6"
Guwahati to Gohpur,https://www.redbus.in/bus-tickets/guwahati-to-gohpur,Yatra Travels,A/C Seater / Sleeper (2+1),21:00,06h 45m,03:45,4.4
Guwahati to Gohpur,https://www.redbus.in/bus-tickets/guwahati-to-gohpur,Laxmi Travels,A/C Seater (2+1),06:15,07h 30m,13:45,4.1
Guwahati to Gohpur,https://www.redbus.in/bus-tickets/guwahati-to-gohpur,RAYAN TRAVELS,Non A/C Seater / Sleeper (2+1),19:15,08h 15m,03:30,"4.3
10"
Guwahati to Gohpur,https://www.redbus.in/bus-tickets/guwahati-to-gohpur,Drishti Travels,NON A/C Seater (2+1),16:30,09h 30m,02:00,"4.2
11"
Guwahati to Gohpur,https://www.redbus.in/bus-tickets/guwahati-to-gohpur,Sylvan DEE Transport,Non AC Seater (2+1),07:30,06h 30m,14:00,"2.7
31"
Guwahati to Gohpur,https://www.redbus.in/bus-tickets/guwahati-to-gohpur,BLUE HILL TRAVELS INDIA LIMITED,NON A/C Seater Semi Sleeper (2+1),16:15,09h 15m,01:30,"1.2
4"
Guwahati to Gohpur,https://www.redbus.in/bus-tickets/guwahati-to-gohpur,BLUE HILL TRAVELS INDIA LIMITED,NON A/C Seater Semi Sleeper (2+1),19:00,07h 50m,02:50,2.7
Guwahati to Gohpur,https://www.redbus.in/bus-tickets/guwahati-to-gohpur,Sylvan DEE Transport,Non AC Seater (2+1),18:15,08h 45m,03:00,2.7
Guwahati to Kaliabor,https://www.redbus.in/bus-tickets/guwahati-to-kaliabor,Assam State Transport Corporation (ASTC) - 139846,Volvo AC Seater 2+2,06:10,03h 05m,09:15,"4.7
15"
Guwahati to Kaliabor,https://www.redbus.in/bus-tickets/guwahati-to-kaliabor,Assam State Transport Corporation (ASTC) - 143955,Bharat Benz A/C Seater (2+2),07:00,03h 30m,10:30,"4.0
5"
Guwahati to Kaliabor,https://www.redbus.in/bus-tickets/guwahati-to-kaliabor,Assam State Transport Corporation (ASTC) - 154910,Bharat Benz A/C Seater (2+2),10:30,03h 30m,14:00,"4.2
12"
Guwahati to Kaliabor,https://www.redbus.in/bus-tickets/guwahati-to-kaliabor,Assam State Transport Corporation (ASTC) - 139720,Volvo AC Seater 2+2,13:45,03h 30m,17:15,"3.1
5"
Guwahati to Kaliabor,https://www.redbus.in/bus-tickets/guwahati-to-kaliabor,Christina Travels,NON A/C Seater (2+2),06:00,03h 00m,09:00,3.1
Guwahati to Kaliabor,https://www.redbus.in/bus-tickets/guwahati-to-kaliabor,Chartered Bus - ASTC,Volvo AC Seater Pushback 2+2,06:15,03h 45m,10:00,"4.5
21"
Guwahati to Kaliabor,https://www.redbus.in/bus-tickets/guwahati-to-kaliabor,SHIVAM TRAVELS,NON A/C Seater (2+2),06:45,03h 15m,10:00,4.1
Guwahati to Kaliabor,https://www.redbus.in/bus-tickets/guwahati-to-kaliabor,Chartered Bus - ASTC,Volvo AC Seater Pushback 2+2,07:30,03h 15m,10:45,"4.9
26"
Guwahati to Kaliabor,https://www.redbus.in/bus-tickets/guwahati-to-kaliabor,TRINAYAN TRANSPORT (Under ASTC),A/C Seater (2+1),08:00,04h 15m,12:15,3.7
Guwahati to Kaliabor,https://www.redbus.in/bus-tickets/guwahati-to-kaliabor,Baikuntha Transport Service,Bharat Benz A/C Seater (2+1),08:00,04h 30m,12:30,3.2
Guwahati to Kaliabor,https://www.redbus.in/bus-tickets/guwahati-to-kaliabor,Mahi Travels(Under ASTC),A/C Seater (2+2),10:00,04h 45m,14:45,"4.6
8"
Guwahati to Kaliabor,https://www.redbus.in/bus-tickets/guwahati-to-kaliabor,Kanchan Travels,AC Seater (2+2),10:45,04h 00m,14:45,3.6
Guwahati to Kaliabor,https://www.redbus.in/bus-tickets/guwahati-to-kaliabor,NEELKANTH TRAVELS,A/C Seater Push Back (2+2),09:05,04h 55m,14:00,4.2
Guwahati to Kaliabor,https://www.redbus.in/bus-tickets/guwahati-to-kaliabor,MAA Anada (UNDER ASTC),AC Seater (2+2),09:30,04h 45m,14:15,3.3
Guwahati to Kaliabor,https://www.redbus.in/bus-tickets/guwahati-to-kaliabor,Mahi Travels(Under ASTC),Bharat Benz A/C Seater (2+2),10:30,04h 20m,14:50,3.9
Guwahati to Kaliabor,https://www.redbus.in/bus-tickets/guwahati-to-kaliabor,Mahi Travels(Under ASTC),A/C Seater (2+2),14:15,03h 15m,17:30,"3.4
12"
Guwahati to Kaliabor,https://www.redbus.in/bus-tickets/guwahati-to-kaliabor,Orient Transline,A/C Seater (2+1),11:30,03h 30m,15:00,4.2
Guwahati to Kaliabor,https://www.redbus.in/bus-tickets/guwahati-to-kaliabor,TRINAYAN TRANSPORT (Under ASTC),A/C Seater (2+1),20:15,05h 00m,01:15,3.7
Guwahati to Kaliabor,https://www.redbus.in/bus-tickets/guwahati-to-kaliabor,Trishul Transport Service(Under ASTC),A/C Seater Push Back (2+1),11:30,03h 15m,14:45,3.9
Guwahati to Kaliabor,https://www.redbus.in/bus-tickets/guwahati-to-kaliabor,Orient Transline,A/C Seater (2+1),12:15,04h 15m,16:30,4.2
Guwahati to Kaliabor,https://www.redbus.in/bus-tickets/guwahati-to-kaliabor,Anindita Travels,NON A/C Seater (2+1),12:30,04h 45m,17:15,4.1
Guwahati to Kaliabor,https://www.redbus.in/bus-tickets/guwahati-to-kaliabor,Orient Transline,A/C Seater (2+1),13:00,03h 20m,16:20,4.2
Guwahati to Kaliabor,https://www.redbus.in/bus-tickets/guwahati-to-kaliabor,Mahalaxmi Travels,A/C Seater (2+2),14:35,02h 50m,17:25,"3.7
5"
Guwahati to Kaliabor,https://www.redbus.in/bus-tickets/guwahati-to-kaliabor,Puja (Kaybom),A/C Seater Push Back (2+2),17:30,00h 20m,17:50,3.1
Guwahati to Kaliabor,https://www.redbus.in/bus-tickets/guwahati-to-kaliabor,BAIKUNTHA TRAVELS (UNDER ASTC),A/C Seater/Sleeper (2+1),20:00,03h 15m,23:15,3.2
Guwahati to Kaliabor,https://www.redbus.in/bus-tickets/guwahati-to-kaliabor,Nishigandha(Divya Tours & Travels),A/C Seater / Sleeper (2+1),21:15,03h 15m,00:30,New
Guwahati to Kaliabor,https://www.redbus.in/bus-tickets/guwahati-to-kaliabor,Rishi India Travels,Bharat Benz A/C Seater (2+1),06:45,03h 15m,10:00,2.9
Guwahati to Kaliabor,https://www.redbus.in/bus-tickets/guwahati-to-kaliabor,Rishi India Travels,Non AC Seater (2+1),11:30,03h 30m,15:00,2.9
Guwahati to Kaliabor,https://www.redbus.in/bus-tickets/guwahati-to-kaliabor,Rishi India Travels,Bharat Benz A/C Seater (2+1),13:15,03h 00m,16:15,2.9
Guwahati to Kaliabor,https://www.redbus.in/bus-tickets/guwahati-to-kaliabor,Rishi India Travels,A/C Seater (2+1),15:15,03h 05m,18:20,"2.9
6"
Dergaon to Dibrugarh,https://www.redbus.in/bus-tickets/dergaon-to-dibrugarh,Assam State Transport Corporation (ASTC) - 166131,Bharat Benz A/C Seater (2+2),06:15,05h 25m,11:40,"3.2
17"
Dergaon to Dibrugarh,https://www.redbus.in/bus-tickets/dergaon-to-dibrugarh,Assam State Transport Corporation (ASTC) - 154034,A/C Seater (2+1),08:30,05h 30m,14:00,"2.9
5"
Dergaon to Dibrugarh,https://www.redbus.in/bus-tickets/dergaon-to-dibrugarh,Purple Wings Coaches,A/C Seater / Sleeper (2+1),00:40,03h 50m,04:30,3.9
Dergaon to Dibrugarh,https://www.redbus.in/bus-tickets/dergaon-to-dibrugarh,Purple Wings Coaches,A/C Seater / Sleeper (2+1),01:25,03h 35m,05:00,3.9
Dergaon to Dibrugarh,https://www.redbus.in/bus-tickets/dergaon-to-dibrugarh,Baikuntha Transport Service,Bharat Benz A/C Sleeper (2+1),03:00,04h 15m,07:15,3.2
Dergaon to Dibrugarh,https://www.redbus.in/bus-tickets/dergaon-to-dibrugarh,SHIVAM TRAVELS,Bharat Benz A/C Seater (2+1),12:55,04h 05m,17:00,"3.2
4"
Dergaon to Dibrugarh,https://www.redbus.in/bus-tickets/dergaon-to-dibrugarh,Bashudev Transline (Under ASTC),A/C Seater (2+1),13:50,04h 10m,18:00,"4.9
7"
Dergaon to Dibrugarh,https://www.redbus.in/bus-tickets/dergaon-to-dibrugarh,Aroti Travels (Under ASTC),Non AC Seater (2+2),11:30,04h 50m,16:20,"2.2
8"
Dergaon to Dibrugarh,https://www.redbus.in/bus-tickets/dergaon-to-dibrugarh,Atlanta Travels,Volvo A/C Seater (2+2),12:00,04h 15m,16:15,New
Dergaon to Dibrugarh,https://www.redbus.in/bus-tickets/dergaon-to-dibrugarh,Christina Travels,NON A/C Seater (2+2),12:00,04h 30m,16:30,"1.9
4"
Dergaon to Dibrugarh,https://www.redbus.in/bus-tickets/dergaon-to-dibrugarh,Christina Travels,NON A/C Seater (2+2),07:45,02h 00m,09:45,1.9
Tezpur to North Lakhimpur,https://www.redbus.in/bus-tickets/tezpur-to-north-lakhimpur,Assam State Transport Corporation (ASTC) - 155999,Bharat Benz A/C Seater (2+2),10:50,04h 10m,15:00,"4.8
28"
Tezpur to North Lakhimpur,https://www.redbus.in/bus-tickets/tezpur-to-north-lakhimpur,Assam State Transport Corporation (ASTC) - 177332,Bharat Benz A/C Seater (2+2),12:45,04h 15m,17:00,3.9
Tezpur to North Lakhimpur,https://www.redbus.in/bus-tickets/tezpur-to-north-lakhimpur,Boithaboti Travels,A/C Seater Push Back (2+2),14:00,05h 00m,19:00,New
Tezpur to North Lakhimpur,https://www.redbus.in/bus-tickets/tezpur-to-north-lakhimpur,Aziba Travels,NON A/C Seater (2+1),10:40,04h 20m,15:00,"4.3
10"
Tezpur to North Lakhimpur,https://www.redbus.in/bus-tickets/tezpur-to-north-lakhimpur,Pranjit Travels (Under ASTC),NON A/C Seater (2+1),13:10,05h 20m,18:30,"4.1
17"
Tezpur to North Lakhimpur,https://www.redbus.in/bus-tickets/tezpur-to-north-lakhimpur,Mayur Travels (Under ASTC),Non AC Seater (2+2),05:45,05h 45m,11:30,"2.8
4"
Tezpur to North Lakhimpur,https://www.redbus.in/bus-tickets/tezpur-to-north-lakhimpur,Sparrow Travels (Under ASTC),Non AC Seater (2+2),06:30,05h 30m,12:00,"2.5
7"
Tezpur to North Lakhimpur,https://www.redbus.in/bus-tickets/tezpur-to-north-lakhimpur,Ruma Travels (Under ASTC),Non AC Seater (2+2),09:00,05h 40m,14:40,"1.0
2"
Tezpur to North Lakhimpur,https://www.redbus.in/bus-tickets/tezpur-to-north-lakhimpur,Mahadev K.P.,Tata A/C Seater (2+2),11:00,07h 15m,18:15,1.8
Tezpur to North Lakhimpur,https://www.redbus.in/bus-tickets/tezpur-to-north-lakhimpur,Mahadev K.P.,Tata A/C Seater (2+2),11:30,07h 00m,18:30,1.8
Tezpur to North Lakhimpur,https://www.redbus.in/bus-tickets/tezpur-to-north-lakhimpur,Narayan Travels,AC Seater (2+2),14:20,06h 10m,20:30,"1.5
6"
Tezpur to North Lakhimpur,https://www.redbus.in/bus-tickets/tezpur-to-north-lakhimpur,DESTINY TRAVELS,NON AC Seater / Sleeper 2+1,23:00,05h 15m,04:15,"1.4
4"
Tezpur to North Lakhimpur,https://www.redbus.in/bus-tickets/tezpur-to-north-lakhimpur,DESTINY TRAVELS,NON A/C Seater (2+1),23:45,04h 30m,04:15,1.4
Tezpur to North Lakhimpur,https://www.redbus.in/bus-tickets/tezpur-to-north-lakhimpur,Chartered Bus - ASTC,A/C Seater Push Back (2+2),11:00,04h 00m,15:00,"3.9
29"
Tezpur to North Lakhimpur,https://www.redbus.in/bus-tickets/tezpur-to-north-lakhimpur,Laxmi Travels,A/C Seater (2+1),11:15,05h 45m,17:00,4.4
